{"__type__":"cc.AnimationClip","_name":"HANDMOVE","_duration":1,"wrapMode":22,"curveData":{"props":{"x":[{"frame":0,"value":274.852,"curve":[0.184927797833935,0.3812274368231048,0.828610108303249,0.6165162454873645]},{"frame":1,"value":-141.815}]}}}